{
  "index": "index.ejs",
  "notfound": "errors/404.ejs",
  "redirect": {
    "callback": "/dashboard",
    "logout": "/?err=none",
    "createserver": "/servers?err=CREATED",
    "deleteserver": "/servers",
    "updateservers": "/servers",
    "failedcreateserver": "/servers/new",
    "failedmodifyserver": "/edit",
    "setplan": "/admin",
    "failedsetplan": "/admin",
    "createserverdisabled": "/servers/new?err=disabled",
    "modifyserverdisabled": "/servers/modify?err=disabled",
    "deleteserverdisabled": "/delete?err=disabled",
    "regenpassword": "/settings",
    "setresources": "/admin",
    "failedsetresources": "/admin",
    "giftresources": "/gift",
    "failedgiftresources": "/gift",
    "renewserver": "/dashboard",
    "setcoins": "/admin",
    "failedsetcoins": "/admin",
    "purchaseram": "/store",
    "failedpurchaseram": "/store",
    "purchasedisk": "/store",
    "failedpurchasedisk": "/store",
    "purchasecpu": "/store",
    "failedpurchasecpu": "/store",
    "purchaseservers": "/store",
    "failedpurchaseservers": "/store",
    "arcioerror": "/afk",
    "missingorinvalidcouponcode": "/redeem",
    "successfullyredeemedcoupon": "/redeem",
    "couponcreationfailed": "/admin",
    "couponcreationsuccess": "/admin",
    "couponrevokefailed": "/admin",
    "couponrevokesuccess": "/admin",
    "removeaccountfailed": "/admin",
    "removeaccountsuccess": "/admin"
  },
  "pages": {
    "dashboard": "general/dashboard.ejs",
    "servers/new": "servers/create.ejs",
    "edit": "servers/edit.ejs",
    "profile": "general/profile.ejs",
    "security": "general/security.ejs",
    "transfer": "coins/transfer.ejs",
    "afk": "coins/afk.ejs",
    "store": "coins/store.ejs",
    "servers": "servers/servers.ejs",
    "accounts": "accounts.ejs",
    "admin": "admin/admin.ejs",
    "settings": "admin/settings.ejs"
  },
  "mustbeloggedin": [
    "/dashboard",
    "/servers/new",
    "/edit",
    "/security",
    "/servers",
    "/store",
    "/coins",
    "/afk"
  ],
  "mustbeadmin": [
    "/admin",
    "/settings"
  ]
}
